id_local,arquivo,lote,ordem,tipo_motor,potencia_cv,rpm,tensao,polos,frequencia,carcaca,ranhuras,pacote_mm,diametro_mm,capacitor,fio_principal,espiras_principal,passo_principal,fio_auxiliar,espiras_auxiliar,passo_auxiliar,status_revisao,motivos_bloqueio,fonte_extracao,confianca,precisa_humano
000006,drive-download-20260403T124026Z-3-001_224929\605042504.pdf,,6,trifasico,2,1735,220/380,4,60,IEC 90,36,100,"89,40",SEM,2 X 23 (COBRE) - 10.5002.001,41 / 41,1:8:10 / 1:8,,,,VERDE_AUTO_GEMINI,,gemini,0.80,0
000007,drive-download-20260403T124026Z-3-001_224929\605042509.pdf,,7,trifasico,2,1435 / 1735,220/380,4,50/60,IEC 90,36,100,"89,40",SEM,2 X 23 (COBRE),41 / 41 / 41,1:8 / 1:10 / 1:8,,,,VERDE_AUTO_GEMINI,,gemini,0.80,0
000008,drive-download-20260403T124026Z-3-001_224929\605042511.pdf,,8,monofasico,1/4,1680,127/220,4,60,IEC 63 MUELLER,24,55,"56,40",25UF 250VAC,2 X 23 (ALUMINIO) - 10.5025.005,32:53,1:4:6,1 X 23 (ALUMINIO) - 10.5025.005,42:76,1:4:6,VERDE_AUTO_GEMINI,,gemini,0.75,0
000009,drive-download-20260403T124026Z-3-001_224929\605042513.pdf,,9,monofasico,1/3,1280,220,4,50,NEMA 42,24,60,"68,00",10.5005.123 CP 20UF 400VAC UL C/ TERMIN,1 X 22 (ALUMINIO) - 10.50025.002,58:84,1:4:6,1 X 22 (ALUMINIO) - 10.50025.002,26:84,1:4:6,VERDE_AUTO_GEMINI,,gemini,0.90,0
000010,drive-download-20260403T124026Z-3-001_224929\605042514.pdf,,10,monofasico,2,1720,110-127/220-254,4,60,NEMA 56,32,130,"97,10 FLAMADO",378/454UF 110VAC C/TERM,2 X 18 (COBRE),10:18:21,1:4:6:8,1 X 18 (COBRE),7:9:30,1:4:6:8,VERDE_AUTO_GEMINI,,gemini,0.90,0
000011,drive-download-20260403T124026Z-3-001_224929\605042525.pdf,,11,monofasico,1/4,1370 / 1700,127/220,4,50/60,IEC 63 MUELLER,24,50,"56,40",30UF 250VAC,2 X 23 (ALUMINIO) - 10.5025.005,45:53,1:4:6,1 X 23 (ALUMINIO) - 10.5025.005,16:76,1:4:6,VERDE_AUTO_GEMINI,,gemini,0.90,0
000012,drive-download-20260403T124026Z-3-001_224929\605042605.pdf,,12,monofasico,1/3,1290,220,4,50,IEC 63 MUELLER,24,55,"56,40",15UF 400VAC,1 X 23 (COBRE),74:102,1:4:6,1 X 25 (ALUMINIO),42:110,1:4:6,VERDE_AUTO_GEMINI,,gemini,0.90,0
000013,drive-download-20260403T124026Z-3-001_224929\605042607.pdf,,13,monofasico,1/4,1320,220,4,50,IEC 63 MUELLER,24,55,"56,40",10.5005.105 CP 15UF 400VAC UL C/ TERMIN,1 X 23 (ALUMINIO),92:106,1:4:6,1 X 26 (ALUMINIO),20:130,1:4:6,VERDE_AUTO_GEMINI,,gemini,0.90,0
000014,drive-download-20260403T124026Z-3-001_224929\605042619.pdf,,14,trifasico,1,1730,220/380,4,60,IEC 80,36,65,"81,50",SEM,1 X 23 (COBRE) - 10.5002.001,70:70/70,1:8:10 / 1:8,,,,VERDE_AUTO_GEMINI,,gemini,0.85,0
